PosX,PosY,PosZ,H(0.0-1.0),S(0.0-1.0),L(0.0-1.0),R(0-255),G(0-255),B(0-255)
0.03085435,0.1019609,0.0670945,0.5686,0.0742358,0.5509804,132,142,149
0.1118181,0.4705882,0.1191463,0.619952,0.1851852,0.7352941,174,182,200
0.07432467,0.3607843,-0.002947194,0.7563077,0.07975461,0.6803921,173,166,180
0.05298774,0.3725491,0.1160797,0.5681545,0.1375,0.6862745,164,177,186
0.111695,0.6156863,0.1767197,0.5897077,0.2653061,0.8078431,193,205,219
0.08212281,0.5058824,0.1423097,0.5833,0.1904762,0.7529412,180,192,204
-0.01318641,0.1333334,0.01813515,0.39994,0.02262443,0.5666667,142,147,144
-0.0282604,0.3725491,0.03680173,0.395775,0.05,0.6862745,171,179,174
-0.6973382,-0.03137255,-0.6932823,0.1254642,0.9838057,0.4843137,245,185,2
-0.5852725,-0.227451,-0.740837,0.1064146,0.9695432,0.3862745,194,124,2
-0.5772561,-0.1176471,-0.7194912,0.1076124,0.9288889,0.4411765,217,142,8
-0.7306705,0.09411764,-0.6243401,0.1374637,0.9653679,0.5470588,251,211,28
-0.6636852,-0.03921568,-0.7139179,0.1191992,0.9755102,0.4803922,242,174,3
-0.6848115,-0.05490196,-0.7266492,0.1202838,1,0.472549,241,173,0
-0.7533333,0.1294118,-0.6447802,0.1373325,1,0.5647059,255,216,33
-0.7400916,0.06666672,-0.6691934,0.133,0.9999999,0.5333334,255,207,17
-0.6345155,-0.03137255,-0.675356,0.1200393,0.9271255,0.4843137,238,174,8
-0.6642041,0.003921628,-0.6383882,0.1281538,0.9212598,0.5019608,245,191,11
-0.6326936,-0.05098039,-0.718591,0.1148966,0.9586777,0.4745098,237,165,4
-0.04083755,0.2470589,0.02965454,0.34996,0.05208333,0.6235294,154,164,155
0.05641622,0.2666667,0.09236658,0.5872667,0.1122995,0.6333333,150,160,172
-0.759528,0.05490196,-0.6481536,0.137566,1,0.527451,255,213,13
0.08849565,0.5568628,0.1610497,0.579968,0.2212389,0.7784314,186,199,211
0.04246322,0.2941177,-0.07358404,0.9167,0.08888888,0.6470588,173,157,165
-0.04889542,0.3490196,0.02821612,0.3333,0.06024097,0.6745098,167,177,167
-0.217426,-0.2509804,-0.5407476,0.06084522,0.6020942,0.3745098,153,80,38
0.0391457,0.6156863,0.05104337,0.604125,0.08163265,0.8078431,202,205,210
1.321489E-09,0.9137255,-0.1108178,1,0.2727273,0.9568627,247,241,241
-0.6210225,-0.2078431,-0.7431551,0.110789,0.9900991,0.3960784,201,133,0
0.005724713,0.3215687,0.08190013,0.5111067,0.0867052,0.6607844,161,175,176
-0.2079066,-0.1764706,-0.6814396,0.04713028,0.7238095,0.4117647,181,72,28
-0.5772618,-0.06274509,-0.6656695,0.1136986,0.8828452,0.4686275,225,158,14
0.122677,0.6705883,0.1940951,0.5897077,0.3095238,0.8352941,200,212,226
0.07306297,0.5529412,0.12661,0.5833,0.1754386,0.7764706,188,198,208
0.1021457,0.6705883,0.1218017,0.6110666,0.2142857,0.8352941,204,210,222
-0.3577987,-0.2862745,-0.7741735,0.06890249,0.8901099,0.3568628,172,77,9
-0.07361656,0.9490197,-0.1529366,0.07139999,0.5384616,0.9745098,252,248,245
0.04572079,0.8156862,0.04119495,0.63328,0.106383,0.9078431,228,229,234
-0.7221763,-0.06666666,-0.6884889,0.1288,1,0.4666667,238,183,0
-0.634101,-0.03921568,-0.7295457,0.1138785,0.967347,0.4803922,241,166,3
0.04682657,0.8235295,0.04219127,0.63328,0.1111111,0.9117647,230,231,235
-0.7315462,0.02745104,-0.6693538,0.132061,0.9919354,0.5137255,253,203,8
-0.537252,0,-0.57678,0.1193552,0.7882353,0.5,228,171,26
-0.005073759,0.2039216,0.05280538,0.4847545,0.05418719,0.6019608,147,159,158
-0.7524722,0.06274509,-0.6556284,0.1359289,1,0.5313725,255,211,15
0.0508545,0.3137255,-0.04887791,0.8718461,0.07428572,0.6568627,174,160,171
0.05648191,0.3019608,-0.06444272,0.8854625,0.08988764,0.6509804,174,158,169
-0.6252257,-0.1843137,-0.7583675,0.1097317,1,0.4078431,208,136,0
-0.2391453,-0.2431372,-0.2225537,0.1307169,0.3367876,0.3784314,129,115,64
-0.6254442,-0.517647,-0.4034826,0.158815,0.8699188,0.2411765,115,110,7
-0.160889,-0.04313719,-0.09792908,0.1629783,0.1885246,0.4784314,145,144,99
-0.3651984,-0.2117647,-0.6481227,0.08166667,0.7611941,0.3941177,177,99,23
0.03494123,0.09803927,0.06960606,0.5740444,0.07826086,0.5490196,131,141,149
-0.04943459,0.1254902,-0.09963142,0.07330402,0.1121076,0.5627451,156,142,130
-0.7170364,0.0196079,-0.6967599,0.1272824,1,0.509804,255,196,5
0.08054869,0.4313726,0.1330671,0.586632,0.1724138,0.7156863,170,182,195
0.111695,0.6156863,0.1767197,0.5897077,0.2653061,0.8078431,193,205,219
-0.624628,-0.1176471,-0.7376349,0.1118274,0.9733334,0.4411765,222,150,2
-0.06768869,0.01568627,-0.002084644,0.2451,0.06772911,0.5078431,130,138,121
-0.08522769,0.2274511,-0.1838752,0.0690781,0.2081218,0.6137255,177,153,136
-0.2924621,-0.6117647,-0.283772,0.1274,0.5151515,0.1941177,75,62,24
-0.0384298,0.9254901,-0.04582482,0.1110667,0.1578947,0.9627451,247,246,243
0.05989575,0.3882353,-0.1285054,0.9305834,0.1538462,0.6941177,189,165,175
-0.2770827,-0.4745098,-0.1997716,0.1505808,0.3880597,0.2627451,93,88,41
-0.7388621,0.01568627,-0.6376605,0.13668,0.9760956,0.5078431,251,207,7
-0.0724831,0.1411765,0.02553102,0.3039,0.07762557,0.5705882,139,154,136
-0.0327531,-0.1215686,-0.01356075,0.187525,0.03571428,0.4392157,115,116,108
0.05571498,0.5960784,-0.1372341,0.938621,0.184466,0.7980392,213,193,200
0.1103037,0.6078432,0.1745185,0.5897077,0.26,0.8039216,192,204,218
0.0142246,0.8588235,-0.02464966,0.9167,0.05555556,0.9294118,238,236,237
-0.3059638,-0.03921568,-0.534472,0.08274835,0.6163265,0.4803922,198,122,47
0.03011154,0.3764706,-0.1065315,0.9561579,0.1194969,0.6882353,185,165,170
-0.152194,0.09019613,-0.02682496,0.2222333,0.1551724,0.5450981,145,157,121
0.08974048,0.509804,0.1627168,0.5802148,0.216,0.754902,179,193,206
-0.6218261,-0.1294118,-0.7608865,0.1090473,0.990991,0.4352941,221,145,0
0.03430636,0.2823529,-0.03238752,0.8704222,0.04918033,0.6411765,168,158,166
0.02624035,0.2627451,0.06688876,0.5595,0.07446808,0.6313726,154,163,168
-0.6653363,-0.0745098,-0.7314317,0.1174744,0.9915255,0.4627451,235,165,0
-0.09313699,0.7490196,-0.1613961,0.0833,0.28125,0.8745098,232,223,214
-0.6577177,-0.0745098,-0.7269327,0.1170509,0.9830508,0.4627451,234,165,2
-0.4617564,-0.2784314,-0.7455211,0.08825833,0.9130435,0.3607843,176,97,7
-0.5830401,0.1254902,-0.5554103,0.1288619,0.8116593,0.5627451,234,193,52
-0.2352951,-0.4941176,-0.6673835,0.05394666,0.8139535,0.2529412,117,45,12
-0.2550446,-0.08235294,-0.5577474,0.06825969,0.6153846,0.4588235,189,103,44
-0.03078772,0.8862746,-0.03671217,0.1110667,0.1034483,0.9431373,242,241,239
0.08878623,0.6117647,0.1789415,0.573304,0.2525252,0.8058823,192,206,218
0.07357103,0.4196079,0.1274904,0.5833,0.1621622,0.7098039,169,181,193
0.07370339,0.5019608,0.1063502,0.5964526,0.1496063,0.7509804,181,190,201
-0.7368495,-0.4980392,-0.343442,0.1805833,0.9375,0.2509804,114,124,4
-0.3800256,-0.05490196,-0.6368504,0.08562682,0.7427386,0.472549,210,123,30
-0.3150031,-0.5294118,-0.486666,0.09142686,0.6833333,0.2352941,100,64,18
0.1161161,0.6392157,0.1837146,0.5897077,0.2826087,0.8196079,196,208,222
-0.1652571,0.1568627,-0.4823646,0.05253151,0.5162791,0.5784314,203,126,91
-0.0335027,0.772549,-0.08091865,0.06247498,0.137931,0.8862745,230,225,222
-0.02318763,0.8078432,-0.02764961,0.1110667,0.06122449,0.9039216,232,231,229
-0.324571,-0.0745098,-0.6597193,0.07276785,0.7372882,0.4627451,205,107,30
-0.7184895,-0.01176471,-0.6954384,0.1275945,1,0.4941176,252,193,0
0.03405043,0.7254902,0.01967805,0.6666,0.05714285,0.8627451,218,218,222
-0.1645861,0.8588235,-0.1962573,0.1110667,0.5,0.9294118,246,240,228
-0.5956586,-0.07058823,-0.7034243,0.1118274,0.9240506,0.4647059,228,156,9
0.09184322,0.6078432,0.1095166,0.6110666,0.18,0.8039216,196,202,214
0.04866553,0.6745098,0.03883807,0.6428,0.08433734,0.8372549,209,210,217
-0.5408782,-0.07058823,-0.704363,0.1042238,0.8902954,0.4647059,224,145,12
-0.04352158,0.1921569,-0.09534226,0.06815451,0.1067961,0.5960785,163,150,141
-0.6228961,-0.172549,-0.7630382,0.1089612,1,0.4137255,211,138,0
0.0554797,0.7882353,0.0723418,0.604125,0.1481481,0.8941177,224,227,232
0.07448439,0.509804,0.1074772,0.5964526,0.152,0.754902,183,191,202
-0.6448351,-0.05098039,-0.6391292,0.1257073,0.9090909,0.4745098,231,176,10
-0.4875067,-0.3372549,-0.7923029,0.08778925,0.9881657,0.3313726,168,89,1
0.07687171,0.4235294,0.08831799,0.6139895,0.1292517,0.7117647,171,177,191
0.0146729,0.5254903,-0.1044454,0.9777867,0.1239669,0.7627451,202,187,189
0.01472406,0.2352941,0.002604729,0.7221333,0.01538462,0.6176471,156,155,159
-0.2342748,0.1803921,-0.3125616,0.1023687,0.3971292,0.5901961,192,160,108
-0.7187188,-0.01176471,-0.672172,0.1303242,0.984127,0.4941176,250,196,1
0.07361765,0.4235294,0.1211187,0.5869218,0.1564626,0.7117647,169,180,193
-0.406499,-0.07843137,-0.6910906,0.08462225,0.8042554,0.4607843,212,119,22
0.0480061,0.8313725,0.04325404,0.63328,0.1162791,0.9156862,230,231,236
-0.100892,0.172549,-0.3059006,0.05070436,0.3270142,0.5862745,184,136,114
-0.09657961,0.227451,-0.2856431,0.05189183,0.3096447,0.6137255,187,145,125
-0.01915571,0.2666667,0.01723772,0.36662,0.02673797,0.6333333,158,164,159
0.07840291,0.6,0.1358636,0.5833,0.1960784,0.8,194,204,214
0.08355962,0.6392157,0.1447995,0.5833,0.2173913,0.8196079,199,209,219
-0.1480213,0.07450986,-0.03506713,0.2129778,0.1525424,0.5372549,145,155,119
-0.142374,0.5686275,-0.1535348,0.119,0.2545455,0.7843137,214,206,186
-0.1210218,-0.2431372,-0.03377569,0.206684,0.1295337,0.3784314,103,109,84
-0.148793,0.4705882,-0.1561448,0.1211636,0.2444444,0.7352941,204,195,170
-0.7187188,-0.01176471,-0.672172,0.1303242,0.984127,0.4941176,250,196,1
-0.1342619,0.3882353,-0.4654317,0.04469759,0.525641,0.6941177,218,158,136
-0.3554373,-0.1960784,-0.2343093,0.1572405,0.4341463,0.4019608,147,142,58
-0.380428,-0.03137255,-0.6634772,0.08285923,0.7651822,0.4843137,218,122,28
-0.180901,-0.003921509,-0.1519015,0.1388334,0.2362205,0.4980392,157,147,97
0.06865837,0.4470589,0.09907053,0.5964526,0.1347518,0.7235295,175,183,194
-0.1146926,0.172549,-0.0719246,0.1608552,0.1374408,0.5862745,164,163,134
-0.3083825,-0.05882353,-0.6822417,0.0675656,0.75,0.4705882,210,103,30
-0.06448623,0.8862746,-0.1284622,0.07404453,0.3103448,0.9431373,245,240,236
-0.2337153,-0.4666666,-0.6623175,0.05399075,0.7941176,0.2666667,122,49,14
-0.1679679,-0.1215686,-0.4481216,0.05707594,0.4821429,0.4392157,166,95,58
-0.4982614,-0.2352941,-0.691488,0.09937546,0.8769231,0.3823529,183,114,11
0.09645373,0.6156863,0.1671436,0.5833,0.244898,0.8078431,194,206,218
-0.6570211,-0.6705883,-0.3045345,0.180922,0.9761904,0.1647059,75,82,1
-0.1023198,0.1882353,-0.2909279,0.05382462,0.3140097,0.5941176,184,139,118
0.09682809,0.6235294,0.1507432,0.5908727,0.2291667,0.8117647,196,206,218
-0.6381114,-0.1176471,-0.7609027,0.1110667,1,0.4411765,225,150,0
0.0668784,0.7333333,0.0743198,0.61662,0.1470588,0.8666667,216,219,226
0.1178917,0.5882354,0.1322145,0.6158956,0.2190476,0.7941177,191,198,214
-0.04554261,0.7843137,-0.09072485,0.07404449,0.1636364,0.8921568,232,227,222
-0.04760801,0.3294117,-0.01424686,0.2037222,0.05263158,0.6647059,172,174,164
-0.6175613,-0.06666666,-0.7295691,0.1117974,0.9579832,0.4666667,233,158,4
-0.5979173,-0.2549019,-0.7599472,0.1060979,0.9999999,0.372549,190,120,0
-0.6244947,-0.1294118,-0.7470915,0.1108119,0.9819821,0.4352941,220,147,1
-0.3225143,-0.6470588,-0.2476617,0.145775,0.5333334,0.1764706,68,63,20
-0.5991921,-0.2431372,-0.7499693,0.1072869,0.9896373,0.3784314,192,124,0
-0.6953721,-0.06274509,-0.7159055,0.1226845,1,0.4686275,239,176,0
-0.3316462,0.1058824,-0.711542,0.06941665,0.7894737,0.5529412,231,125,51
-0.07227433,-0.1333333,-0.1393267,0.07615995,0.1583711,0.4333333,128,108,93
0.08584541,0.654902,0.1487606,0.5833,0.2272727,0.827451,201,211,221
0.01761306,0.7411765,0.01017875,0.6666,0.03030303,0.8705882,221,221,223
-0.6483864,-0.1058823,-0.7423697,0.1142611,0.991228,0.4470588,227,156,1
-0.6946493,-0.04313725,-0.6950856,0.12495,0.9836066,0.4784314,242,182,1
0.1026906,0.5607843,0.1624733,0.5897077,0.2321429,0.7803922,186,198,212
0.08234619,0.5882354,-0.0199139,0.7877637,0.1047619,0.7941177,205,197,208
0.1107078,0.6941177,0.1918443,0.5833,0.3076923,0.8470588,204,216,228
0.09808882,0.6313726,0.1527059,0.5908727,0.2340426,0.8156863,197,207,219
0,0.772549,0,1,0,0.8862745,226,226,226
0.07989943,0.2862746,0.08384727,0.6211636,0.1208791,0.6431373,153,159,175
0.01395793,0.4862745,-0.259766,0.9914564,0.2977099,0.7431372,209,169,171
-0.04386136,0.862745,-0.09112091,0.07139999,0.2,0.9313725,241,236,233
-0.1970189,-0.2862745,-0.1582403,0.1423042,0.2637362,0.3568628,115,108,67
-0.06295885,0.3254902,-0.3461519,0.02863443,0.372093,0.6627451,201,148,137
0.0667223,0.3490196,-0.01171693,0.7776667,0.07228915,0.6745098,174,166,178
-0.02131158,0.7764707,-0.02541255,0.1110667,0.05263158,0.8882353,228,227,225
-0.009378294,0.682353,-0.04413956,0.03332001,0.0617284,0.8411765,217,213,212
0.09225132,0.3764706,0.1415662,0.5919172,0.1823899,0.6882353,160,174,190
-0.03417107,0.7803922,-0.08253295,0.06247498,0.1428572,0.8901961,231,226,223
-0.6799704,-0.1019608,-0.7141666,0.1210969,0.9912664,0.4490196,228,166,1
-0.1940448,-0.2784314,-0.6611348,0.04543639,0.7173913,0.3607843,158,62,26
0.1114711,0.5294118,0.1635822,0.5952,0.2333333,0.7647059,181,193,209
0.02984845,0.2117648,0.07708161,0.5588,0.08457711,0.6058824,146,157,163
0.009623132,0.1686275,0.03592907,0.54165,0.03773585,0.5843138,145,151,153
-0.09566052,0.8235295,-0.1003871,0.1211636,0.2444444,0.9117647,238,235,227
-0.6213189,-0.1411765,-0.7236965,0.112909,0.9634703,0.4294118,215,147,3
-0.7529712,0.06666672,-0.6418163,0.1376568,0.9915966,0.5333334,254,213,18
-0.004822854,0.1686275,0.01796151,0.45825,0.01886792,0.5843138,147,151,150
0.07879978,0.4745098,0.1365513,0.5833,0.1791045,0.7372549,176,188,200
-0.1054166,0.1215687,-0.384621,0.04257553,0.4017857,0.5607843,188,120,98
-0.7250936,0.03137255,-0.6761228,0.13056,0.9919028,0.5156863,254,201,9
-0.07240001,0.09411764,0.01123399,0.2745,0.07359307,0.5470588,136,148,130
-0.5848087,-0.1960784,-0.7388966,0.1065563,0.9609755,0.4019608,200,129,4
-0.7355972,-0.01176471,-0.6773171,0.1315611,1,0.4941176,252,199,0
-0.04848894,0.8862746,-0.1007346,0.07139999,0.2413793,0.9431373,244,240,237
0.04659286,0.4666667,0.1214318,0.55831,0.1470588,0.7333333,177,190,197
-0.6013674,-0.1960784,-0.7378674,0.1088341,0.9707317,0.4019608,202,132,2
0.07657386,0.5411766,0.09521145,0.6078,0.1452992,0.7705883,188,194,205
-0.1129928,0.03137255,-0.4095922,0.04284001,0.4251012,0.5156863,184,106,78
0.122677,0.6705883,0.1940951,0.5897077,0.3095238,0.8352941,200,212,226
0.04930507,0.4078431,0.1170176,0.5634667,0.1390729,0.7039216,168,181,190
-0.5686119,-0.2705882,-0.4656695,0.1407887,0.7634409,0.3647059,164,142,21
-0.07093291,0.2196078,-0.2499603,0.04400751,0.2663317,0.6098039,182,142,128
-0.241036,-0.172549,-0.1843237,0.1460954,0.3080569,0.4137255,138,130,73
-0.7498825,0.05882359,-0.6334626,0.1383627,0.9833333,0.5294118,253,212,17
-0.1008713,0.2627451,-0.07068861,0.1527167,0.1276596,0.6313726,173,171,149
0.0323061,0.427451,-0.2330693,0.978079,0.260274,0.7137255,201,163,168
-0.7299447,0.01176476,-0.6834049,0.1302389,1,0.5058824,255,199,3
-0.02312252,0.2117648,-0.007509748,0.20002,0.02487562,0.6058824,156,157,152
0.0866967,0.5450981,0.1502358,0.5833,0.2068966,0.772549,185,197,209
0.08212281,0.5058824,0.1423097,0.5833,0.1904762,0.7529412,180,192,204
-0.6060857,-0.09019607,-0.7017359,0.1133806,0.9310344,0.454902,223,155,8
-0.1415574,0.8862746,-0.0249502,0.2222333,0.3103448,0.9431373,242,245,236
0.05640081,0.3529413,-0.09179907,0.9123158,0.1151515,0.6764706,182,163,173
0.1327881,0.6862745,0.1731467,0.604125,0.3,0.8431373,203,212,227
-0.3989784,-0.3372549,-0.650558,0.08755619,0.8106509,0.3313726,153,87,16
-0.1772049,0.2,-0.4772746,0.05658113,0.5196078,0.6,206,136,100
0.02327739,0.8431373,0.01345221,0.6666,0.05,0.9215686,234,234,236
0.05517828,0.4196079,0.09561783,0.5833,0.1216216,0.7098039,172,181,190
0.111423,0.7019608,0.1734648,0.5908727,0.2894737,0.8509804,206,216,228
-0.3443826,-0.6078432,-0.2278049,0.1569885,0.52,0.1960784,75,72,24
-0.6366223,-0.1215686,-0.7615334,0.1108188,1,0.4392157,224,149,0
-0.0628949,0.3803922,-0.08452768,0.1018111,0.1139241,0.6901961,185,178,167
-0.02514118,0.1019609,0.02994088,0.3888334,0.03930131,0.5509804,136,145,139
-0.6153187,-0.09803921,-0.7149283,0.1131046,0.9478261,0.4509804,224,154,6
-0.3592546,-0.1647059,-0.695259,0.07590647,0.7934272,0.4176471,191,98,22
-0.1456015,-0.007843137,-0.2398956,0.08681975,0.2806324,0.4960784,162,128,91
-2.002004E-05,0.2941177,0.03185897,0.4999,0.03333334,0.6470588,162,168,168
0.07597455,0.3764706,0.1377565,0.5802148,0.1698113,0.6882353,161,176,189
-0.7100036,-0.003921568,-0.6929602,0.1269333,0.992126,0.4980392,253,193,0
-0.7440673,0.1098039,-0.6457361,0.1362418,0.9911894,0.554902,254,213,28
0.06059501,0.5254903,0.06843761,0.6153384,0.107438,0.7627451,188,192,201
-0.532077,-0.6470588,-0.4197673,0.1436925,0.8888889,0.1764706,84,74,4
-0.08504207,-0.09803921,-0.05959578,0.1527167,0.1043478,0.4509804,127,125,103
-0.3949032,0.0862745,-0.7246162,0.0794156,0.8283262,0.5431373,235,134,41
-0.2828858,0.03921568,-0.6818545,0.06259011,0.7387756,0.5196078,223,110,41
-0.6549042,-0.1294118,-0.7445489,0.1148189,1,0.4352941,222,153,0
0.1003962,0.5450981,0.1588432,0.5897077,0.2241379,0.772549,184,196,210
-0.2840024,0,-0.6846059,0.06258518,0.7411765,0.5,222,103,32
-0.02473176,0.2196078,0.04792139,0.4241727,0.05527638,0.6098039,149,161,156
-0.04377799,0.7686274,-0.08720957,0.07404449,0.1525424,0.8843137,230,225,220
0.0123457,0.4039216,-0.03393428,0.9444667,0.03947369,0.7019608,182,176,178
0.09515455,0.7098039,0.1648923,0.5833,0.2702703,0.854902,208,218,228
-0.05355351,0.8392158,-0.1066833,0.07404449,0.2195122,0.9196079,239,234,230
-0.6082066,-0.2039216,-0.7671379,0.1066897,1,0.3980392,203,130,0
0.009969354,0.1921569,-0.1998354,0.9920667,0.2038835,0.5960785,173,131,133
0.07502401,0.4352942,4.71468E-05,0.7499,0.08333334,0.7176471,183,177,189
-0.06724592,-0.2823529,-0.1000744,0.09416524,0.1256831,0.3588235,103,93,80
-0.6614604,-0.02745098,-0.6380019,0.1278728,0.9193548,0.4862745,238,185,10
-0.6424528,-0.1058823,-0.7589751,0.1117974,1,0.4470588,228,153,0
-0.07050887,0.6588235,-0.1673412,0.06346672,0.2413793,0.8294117,222,209,200
0.01484434,0.5333333,-0.1199284,0.9804,0.1428571,0.7666667,204,186,188
-0.209227,0.1333333,-0.4516712,0.06904145,0.5022624,0.5666667,200,135,89
-0.06196703,0.7450981,-0.1181238,0.07689229,0.2,0.8725491,229,222,216
-0.6538836,-0.1098039,-0.7369176,0.1155093,0.9911895,0.445098,226,157,0
-0.1616483,0.4862745,-0.1494062,0.1312606,0.2519084,0.7431372,206,199,172
-0.04277565,-0.007843137,-0.06172302,0.09645267,0.07509883,0.4960784,136,128,117
-0.1803955,0.0196079,-0.06563006,0.1944667,0.192,0.509804,145,154,106
-0.1513281,0,-0.05432696,0.1951439,0.1607843,0.5,141,148,107
-0.1435438,0.8392158,-0.2071263,0.09645267,0.4634146,0.9196079,244,236,225
-0.1453085,-0.06274509,-0.3780971,0.05839591,0.4058577,0.4686275,168,105,71
-0.05308126,0.4784315,-0.09889662,0.07840002,0.1278196,0.7392157,197,188,180
-0.1030803,0.3960785,-0.08112355,0.1438818,0.1428572,0.6980392,189,186,167
0.106525,0.6784314,0.1658396,0.5908727,0.2682927,0.8392157,203,213,225
-0.1021185,0.082353,-0.00445682,0.2430583,0.1025641,0.5411765,139,150,126
-0.6248941,-0.05490196,-0.7248946,0.1132303,0.9585062,0.472549,236,162,4
0.02030876,0.482353,0.04905151,0.562475,0.06060607,0.7411765,185,190,193
-0.6196354,-0.08235294,-0.7365586,0.1113124,0.965812,0.4588235,230,155,3
0.1051585,0.6862745,0.1253942,0.6110666,0.225,0.8431373,206,212,224
0.1097315,0.6941177,0.1708314,0.5908727,0.2820513,0.8470588,205,215,227
-0.09734422,0.7294118,-0.137586,0.09800004,0.2463768,0.8647059,229,222,212
-0.0317966,0.4156864,-0.1865359,0.02687103,0.2080537,0.7078432,196,170,165
0.05963093,0.3176471,0.04758913,0.6428,0.08045977,0.6588235,161,163,175
-0.07203393,0.5137255,-0.3947833,0.02872413,0.4677419,0.7568628,222,174,164
-0.6172503,-0.2156863,-0.7439807,0.1102253,0.99,0.3921569,199,132,0
0.01466784,0.8666667,-0.02541774,0.9167,0.05882353,0.9333333,239,237,238
-0.3047786,-0.5607843,-0.113627,0.1932045,0.3928571,0.2196079,71,78,34
0.03576808,0.3764706,0.09236864,0.5588,0.1069182,0.6882353,166,178,184
0.1038399,0.427451,0.1540278,0.5944067,0.2054795,0.7137255,167,180,197
-0.06019989,0.8705883,-0.1199234,0.07404449,0.2727273,0.9352942,243,238,234
-0.7495069,0.1450981,-0.6458994,0.1367954,1,0.572549,255,216,37
-0.7417889,0.007843137,-0.6705875,0.1330166,1,0.5039216,255,204,1
-0.2263424,-0.1058823,-0.5198312,0.06535846,0.5701755,0.4470588,179,99,48
-0.2649908,-0.4627451,-0.6953538,0.05794786,0.8394161,0.2686275,126,51,10
0.004890438,0.1803923,0.02301718,0.53332,0.02392345,0.5901961,148,152,153
0.06650852,0.5607843,0.1152519,0.5833,0.1607143,0.7803922,190,199,208
-0.6488112,-0.0745098,-0.7461291,0.1139145,0.9915254,0.4627451,235,161,1
-0.0981076,0.3686275,0.003021431,0.2549,0.1055901,0.6843138,174,183,166
-0.263221,0.3960785,-0.3688575,0.0986447,0.4935065,0.6980392,216,184,140
-0.03478602,0.9098039,-0.04147987,0.1110667,0.1304348,0.9549019,245,244,241
0.05543451,0.3294117,0.1018432,0.5793333,0.122807,0.6647059,158,170,180
0.01988167,0.09803927,0.01669453,0.6388333,0.02608696,0.5490196,137,138,143
0.0606262,0.482353,0.1328132,0.5681545,0.1666667,0.7411765,178,191,200
0.01767777,0.4352942,0.01768889,0.62495,0.02777778,0.7176471,181,182,185
-0.2126838,-0.6078432,-0.6656166,0.04922275,0.88,0.1960784,93,32,6
-0.3473834,-0.4784313,-0.144762,0.1871597,0.4285714,0.2607843,87,95,38
-0.7181653,0.2117647,-0.648445,0.1331126,0.9900498,0.6058823,254,214,54
-0.632617,-0.1215686,-0.7182622,0.1149231,0.9642857,0.4392157,220,152,3
-0.05091647,0.9568627,-0.06071429,0.1110667,0.2727273,0.9784313,251,250,247
0.05032803,0.6352942,-0.02908502,0.8334,0.07526882,0.8176471,212,205,212
0.01502735,0.5960784,0.01791907,0.6110666,0.02912621,0.7980392,201,202,205
-0.6094128,-0.07058823,-0.7358241,0.1100881,0.9578059,0.4647059,232,154,4
-0.06640556,-0.2313725,0.02047469,0.2976,0.07142857,0.3843137,94,105,91
-0.03109778,0.1137255,-0.06308916,0.07288752,0.07079646,0.5568628,150,141,134
0.07659652,0.3921568,-0.009247912,0.7691231,0.08387098,0.6960784,179,170,184
-0.2063383,-0.5529411,-0.1632721,0.1434611,0.3157895,0.2235294,75,70,39
0.4109249,0.772549,0.4840545,0.6120241,1,0.8862745,197,216,255
-0.3909308,0.05490196,-0.7164821,0.07949445,0.8174274,0.527451,233,130,35
-0.4678432,-0.4352941,-0.209636,0.1829537,0.5694444,0.282353,105,113,31
-0.4217408,-0.3215686,-0.4523939,0.1194212,0.6531792,0.3392157,143,110,29
-0.3174531,-0.04705882,-0.7090995,0.06699262,0.7777778,0.4764706,216,103,26
-0.622277,-0.1215686,-0.7732998,0.1078437,1,0.4392157,224,144,0
0.006912478,0.4941177,-0.01900013,0.9444667,0.02325581,0.7470589,192,189,190
-0.732962,-0.02745098,-0.6797155,0.130996,1,0.4862745,248,195,0
-0.2159251,-0.3803921,-0.1175308,0.1706666,0.2658228,0.3098039,99,100,58
-0.4900621,-0.7843137,-0.2555453,0.1735,0.8909091,0.1078431,50,51,3
-0.1143696,0.09411764,-0.05040392,0.1839345,0.1255412,0.5470588,151,154,124
-0.03672564,0.5254903,-0.3284289,0.01772343,0.3884298,0.7627451,218,176,171
0.05469755,0.2862746,-0.03161021,0.8334,0.06593407,0.6431373,170,158,170
0.1012321,0.6039217,0.1506523,0.5941652,0.2277228,0.8019608,193,203,216
-0.03540614,0.6666667,-0.07053211,0.07404449,0.1058824,0.8333334,217,212,208
-0.0384298,0.9254901,-0.04582482,0.1110667,0.1578947,0.9627451,247,246,243
-0.1863926,-0.1803921,-0.1190938,0.1595106,0.2248804,0.4098039,128,126,81
-0.6043661,-0.2078431,-0.7443286,0.1085424,0.980198,0.3960784,200,130,1
0.1131786,0.7098039,0.1761978,0.5908727,0.2972973,0.854902,207,217,229
-0.1053855,0.5882354,-0.1423834,0.1014087,0.2190476,0.7941177,214,205,191
0.02209948,0.827451,0.01277149,0.6666,0.04545455,0.9137255,232,232,234
-0.6089069,-0.1254902,-0.7260785,0.1110667,0.9551569,0.4372549,217,147,5
-0.6408314,-0.09803921,-0.7500495,0.112528,0.9913043,0.4509804,229,154,1
-0.7032984,-0.003921568,-0.6658504,0.129352,0.968504,0.4980392,250,194,3
0.06521718,0.4000001,0.009414852,0.7271818,0.07189543,0.7,177,173,184
-0.009413871,0.164706,-0.02115343,0.06664003,0.02347418,0.582353,151,148,146
-0.04137591,0.8470588,-0.08595744,0.07139999,0.1794872,0.9235294,239,234,231
0.09343661,0.7686274,0.1055298,0.6153384,0.220339,0.8843137,218,222,232
-0.4023662,0.0862745,-0.710688,0.08199164,0.8197425,0.5431373,234,137,42
0.1359745,0.6784314,0.142693,0.6211636,0.2682927,0.8392157,203,209,225
-0.3048964,0.2196078,-0.7280281,0.06312172,0.8090453,0.6098039,236,135,74
0.08881884,0.6352942,0.06135792,0.6537846,0.1397849,0.8176471,202,203,215
0.02125412,0.3607843,0.0191502,0.63328,0.03067485,0.6803921,170,171,176
-0.09981484,0.9294118,-0.1301517,0.104125,0.4444445,0.9647059,250,247,242
0.09168434,0.5254903,0.1662413,0.5802148,0.2231405,0.7627451,181,195,208
-0.2740693,0.01176476,-0.607675,0.06743332,0.6666667,0.5058824,213,112,45
0.07318572,0.3686275,0.09667066,0.6031333,0.1304348,0.6843138,164,172,185
-0.1093658,0.337255,-0.1032486,0.1295778,0.1597633,0.6686275,184,178,157
0.122677,0.6705883,0.1940951,0.5897077,0.3095238,0.8352941,200,212,226
0.07013722,0.3058825,0.1271723,0.5802148,0.1525424,0.6529412,153,167,180
0.03022674,0.3960785,0.06485102,0.5694166,0.07792208,0.6980392,172,179,184
0.1231795,0.6274509,0.1202226,0.6269333,0.2210526,0.8137255,196,201,218
-0.4624139,-0.1215686,-0.6715254,0.09597607,0.8214286,0.4392157,204,125,19
-0.4205761,-0.07843137,-0.2942794,0.1528314,0.5148937,0.4607843,178,167,56
-0.7412974,0.02745104,-0.6463363,0.1358746,0.9838709,0.5137255,252,208,9
0.1045352,0.4784315,0.1604166,0.5919172,0.2180451,0.7392157,174,187,203
-0.3902765,-0.6705883,-0.3317368,0.1378759,0.6904762,0.1647059,70,60,13
-0.654497,-0.09803921,-0.738155,0.1154509,0.9913043,0.4509804,229,158,1
-0.2349128,-0.1921569,-0.6748693,0.05331198,0.7281553,0.4039216,178,75,28
-0.05964315,0.003921628,-0.1198351,0.07349997,0.1338583,0.5019608,145,126,111
0.07345764,0.6156863,0.1609229,0.5681545,0.2244898,0.8078431,195,208,217
-0.1419557,0.06666672,-0.3944682,0.05497801,0.4201681,0.5333334,186,119,86
0.06960187,0.3137255,0.1035805,0.5941652,0.1314286,0.6568627,155,165,179
-0.7218063,0.09411764,-0.6345673,0.1352224,0.9653679,0.5470588,251,208,28
-0.2382534,-0.2470588,-0.6651815,0.05474002,0.7291667,0.3764706,166,72,25
-0.7198744,-0.003921568,-0.6940932,0.1279016,1,0.4980392,254,195,0
0.1234678,0.6941177,0.1372058,0.61662,0.2564102,0.8470588,206,212,226
-0.7245735,0.007843137,-0.6183248,0.137566,0.9525692,0.5039216,249,207,7
0.09441233,0.6078432,0.1469823,0.5908727,0.22,0.8039216,194,204,216
-0.437433,-0.1333333,-0.640736,0.09533753,0.7828053,0.4333333,196,122,24
0.06925195,0.7333333,0.04002132,0.6666,0.1176471,0.8666667,217,217,225
0.06879765,0.5803921,0.1271873,0.5789158,0.1775701,0.7901961,191,202,211
-0.5625215,-0.5568627,-0.3339729,0.1647281,0.7876106,0.2215686,101,100,12
-0.3569449,-0.0745098,-0.6716324,0.07774667,0.7627119,0.4627451,208,112,27
-0.2201205,-0.4156862,-0.6922305,0.049,0.7986577,0.2921569,134,50,15
-0.3491922,-0.01568627,-0.6760004,0.07588582,0.7609562,0.4921569,221,116,30
-0.02506743,0.6196079,-0.08540788,0.04543639,0.1134021,0.809804,212,204,201
-0.01181496,0.3490196,-0.2707154,0.006941673,0.2891566,0.6745098,196,150,148
0.07759491,0.3725491,0.08622871,0.61662,0.125,0.6862745,165,171,185
0.1150026,0.7176471,0.1790375,0.5908727,0.3055556,0.8588235,208,218,230
-0.01996986,0.2705883,0.0237823,0.3888334,0.03225806,0.6352941,159,165,161
-0.4453966,-0.654902,-0.3505245,0.1438818,0.7499999,0.172549,76,68,11
-0.1346769,0.3647059,-0.02984479,0.2152917,0.1481481,0.682353,179,186,162
-0.5175775,-0.2588235,-0.7418946,0.09694801,0.9365079,0.3705882,183,108,5
-0.6406313,-0.1215686,-0.7230075,0.1153973,0.9732143,0.4392157,221,154,3
-0.6728079,-0.1176471,-0.7304031,0.1184711,1,0.4411765,225,160,0
-0.6351121,-0.1254902,-0.762158,0.1105686,1,0.4372549,223,148,0
-0.6778668,-0.09411764,-0.7054149,0.1218308,0.9826839,0.4529412,228,167,2
-0.1146926,0.172549,-0.0719246,0.1608552,0.1374408,0.5862745,164,163,134
0.1049275,0.6,0.1166025,0.61662,0.1960784,0.8,194,200,214
-0.6048802,-0.1372549,-0.738391,0.109233,0.9636363,0.4313726,216,142,4
0.02457857,0.3843138,-0.2398349,0.9837463,0.2611465,0.6921569,197,156,160
-0.7250727,-0.01568627,-0.6768712,0.1304699,0.9920318,0.4921569,250,196,1
-0.2782282,-0.1294118,-0.6872786,0.0612205,0.7477478,0.4352941,194,89,27
-0.08304129,-0.1607843,-0.08650814,0.1217461,0.1214953,0.4196078,120,113,94
0,0.6392157,0,1,0,0.8196079,209,209,209
0.02087666,0.345098,-0.0188101,0.86672,0.02994012,0.672549,174,168,173
0.05256259,0.7764707,0.01710784,0.69992,0.0877193,0.8882353,225,224,229
-0.252277,-0.2509804,-0.2843125,0.1155094,0.3926702,0.3745098,133,110,58
0.1131261,0.6235294,0.178984,0.5897077,0.2708333,0.8117647,194,206,220
0.1217091,0.6745098,0.1644377,0.6014087,0.2771084,0.8372549,201,211,225
-0.1603779,-0.1764705,-0.1708884,0.119952,0.2380952,0.4117647,130,116,80
-0.07131518,-0.1686274,-0.1817882,0.05949998,0.1981132,0.4156863,127,99,85
0.09367858,0.7019608,0.1623346,0.5833,0.2631579,0.8509804,207,217,227
0.1032551,0.5294118,0.1346377,0.604125,0.2,0.7647059,183,192,207
0.1050031,0.6705883,0.1634701,0.5908727,0.2619048,0.8352941,202,212,224
-0.7142317,-0.03529412,-0.6755824,0.1294248,0.9837399,0.4823529,244,190,1
0.006758173,0.4627452,-0.0578432,0.9814889,0.06569343,0.7313726,191,182,183
-0.5263401,-0.2549019,-0.6994429,0.1026721,0.9052632,0.372549,181,114,8
-0.7352126,0.003921628,-0.6424653,0.1356984,0.976378,0.5019608,252,206,4
0.04106613,0.7764707,0.03700105,0.63328,0.0877193,0.8882353,224,225,229
-0.3456054,-0.3333333,-0.6453479,0.0782515,0.7764706,0.3333333,151,80,18
-0.7488545,0.05098045,-0.6607708,0.1349322,1,0.5254902,255,209,13
0.1067455,0.6941177,0.1272866,0.6110666,0.2307692,0.8470588,207,213,225
-0.3140206,-0.1647059,-0.2373196,0.147,0.399061,0.4176471,148,139,64
-0.0588129,-0.1137255,0.01813366,0.2976,0.06194689,0.4431373,109,120,106
-0.0441355,-0.1803921,-0.2645974,0.02630526,0.2727273,0.4098039,133,85,76
-0.06872892,0.8431373,-0.1751956,0.05949998,0.35,0.9215686,242,233,228
-0.6644119,-0.1019608,-0.7403788,0.1164017,1,0.4490196,229,159,0
-0.6506697,0.02352941,-0.649592,0.1251319,0.9196788,0.5117647,245,188,15
0.114599,0.6313726,0.1813144,0.5897077,0.2765957,0.8156863,195,207,221
-0.2439034,0.0196079,-0.5480627,0.06664003,0.6,0.509804,205,115,55
-0.1000962,0.7176471,-0.3737202,0.04165004,0.5555556,0.8588235,239,209,199
0.1026906,0.5607843,0.1624733,0.5897077,0.2321429,0.7803922,186,198,212
0.1050031,0.6705883,0.1634701,0.5908727,0.2619048,0.8352941,202,212,224
-0.6459305,-0.1058823,-0.7560176,0.112528,1,0.4470588,228,153,0
-0.05501666,-0.02745092,0.01255201,0.2857,0.05645164,0.4862745,121,131,117
-0.3006727,0.04705882,-0.1936331,0.1589402,0.3580247,0.5235294,177,173,89
-0.7298861,0.05098045,-0.6448431,0.1348331,0.9752066,0.5254902,252,207,16
0.08308872,0.5254903,0.06496461,0.6443866,0.1239669,0.7627451,187,189,202
-0.3622546,-0.2862745,-0.2347986,0.1584732,0.4505495,0.3568628,132,128,50
-0.01439289,0.1568627,-0.1231888,0.0185111,0.1255814,0.5784314,161,136,133
-0.3797891,-0.01960784,-0.6581323,0.0833,0.76,0.4901961,220,125,30
0.114599,0.6313726,0.1813144,0.5897077,0.2765957,0.8156863,195,207,221
-0.6196132,-0.1607843,-0.7563759,0.109233,0.9906542,0.4196078,213,139,1
0.09441233,0.6078432,0.1469823,0.5908727,0.22,0.8039216,194,204,216
-0.6986573,-0.09803921,-0.7087075,0.1238635,1,0.4509804,230,170,0
-0.02993917,0.2941177,0.01089222,0.3055333,0.03333334,0.6470588,163,168,162
0.0432496,0.3019608,0.08615708,0.5740444,0.1011236,0.6509804,157,167,175
-0.2862506,-0.3764706,-0.1440728,0.1757873,0.3459119,0.3117647,103,107,52
-0.5398573,-0.3764706,-0.2342435,0.1848446,0.6352202,0.3117647,119,130,28
-0.03171413,0.7529411,-0.06588533,0.07139999,0.1111111,0.8764706,227,222,219
-0.1575686,-0.02352941,-0.04764041,0.2032707,0.1646587,0.4882353,136,145,104
-0.1343488,0.5333333,-0.1370649,0.1234074,0.2268908,0.7666667,209,202,181
-0.02229646,0.2980392,-0.2389335,0.01480891,0.2513967,0.6490196,188,146,142
-0.03078772,0.8862746,-0.03671217,0.1110667,0.1034483,0.9431373,242,241,239
0.07716122,0.4941177,0.08469214,0.6176,0.1317829,0.7470589,182,187,199
0.1070377,0.6,0.02449131,0.7142,0.1372549,0.8,201,197,211
-0.6250539,0.2901961,-0.6821914,0.118048,0.9668508,0.645098,252,201,76
-0.5672248,-0.1254902,-0.7367526,0.1044239,0.9372197,0.4372549,216,138,6
-0.762236,-0.01176471,-0.5840191,0.1459471,0.9603174,0.4941176,247,216,5
-0.03533144,0.2745099,-0.04495222,0.1060182,0.05945946,0.637255,168,164,157
0.09762464,0.5882354,0.1289519,0.6031333,0.2,0.7941177,192,200,213
-0.0384298,0.9254901,-0.04582482,0.1110667,0.1578947,0.9627451,247,246,243
-0.5518553,-0.5960784,-0.3377694,0.1625856,0.8058251,0.2019608,93,91,10
-0.0948392,0.7568628,-0.1643458,0.0833,0.2903226,0.8784314,233,224,215
-0.09981484,0.9294118,-0.1301517,0.104125,0.4444445,0.9647059,250,247,242
-0.3411821,-0.5647058,-0.1971722,0.1666,0.4774775,0.2176471,82,82,29
-2.763613E-05,0.3254902,0.04397885,0.4999,0.04651163,0.6627451,165,173,173
-0.1199535,-0.05882347,-0.03438162,0.2055733,0.125,0.4705883,128,135,105
0.1063496,0.5843138,0.1682625,0.5897077,0.245283,0.7921569,189,201,215
-0.1216126,0.5333333,-0.1295826,0.119952,0.210084,0.7666667,208,201,182
-0.005504429,0.2823529,0.04685701,0.4813889,0.04918033,0.6411765,158,168,167
0.08704341,0.6627451,0.1508366,0.5833,0.2325581,0.8313726,202,212,222
-0.004959337,0.1803923,0.0609792,0.4870846,0.06220096,0.5901961,144,157,156
-0.5931862,-0.1490196,-0.7098073,0.1107931,0.9354839,0.4254902,210,142,7
-0.5992877,-0.1098039,-0.7597772,0.1062923,0.9735683,0.445098,224,144,3
6.817079E-10,0.1921569,-0.05716685,1,0.05825243,0.5960785,158,146,146
-0.1878383,-0.1490196,-0.1028892,0.1702447,0.2165899,0.4254902,131,132,85
-0.44149,-0.5803921,-0.255141,0.1666,0.6261683,0.2098039,87,87,20
-0.6955408,-0.007843137,-0.6623271,0.1288922,0.9604743,0.4960784,248,193,4
-0.08930407,-0.02745092,-0.171632,0.07635833,0.1935484,0.4862745,148,122,100
-0.7292833,0.01568627,-0.6840321,0.130094,1,0.5078431,255,200,3
-0.03736894,0.8156862,-0.07763307,0.07139999,0.1489362,0.9078431,235,230,227
-0.01440412,0.509804,-0.3369261,0.006799984,0.392,0.754902,217,170,168
-0.07950602,0.2117648,0.02261187,0.2941,0.08457711,0.6058824,150,163,146
0.0348654,0.08627462,0.0827474,0.5634667,0.09012876,0.5431373,128,141,149
-0.4590697,-0.6823529,-0.1887903,0.1879036,0.6790124,0.1588235,61,68,13
-0.7185836,-0.003921568,-0.6840588,0.1289167,0.992126,0.4980392,253,195,0
0.022417,0.3058825,-0.1325914,0.973344,0.1412429,0.6529412,179,154,158
-0.6079764,-0.1843137,-0.7480611,0.1086167,0.9807692,0.4078431,206,135,2
-0.3186018,-0.05098039,-0.7074144,0.06734893,0.7768595,0.4745098,215,102,26
0.04713678,0.7294118,0.01534186,0.69992,0.07246377,0.8647059,219,218,223
-0.6033481,-0.2352941,-0.7492196,0.1079016,0.9897436,0.3823529,194,126,0
0.1301776,0.7019608,0.2059622,0.5897077,0.3421053,0.8509804,204,216,230
-0.2463054,-0.1803921,-0.6866192,0.05481675,0.7416268,0.4098039,182,77,27
-0.5793688,0.003921628,-0.6438336,0.11662,0.8661417,0.5019608,238,172,18
-0.01140481,0.3254902,0.04247434,0.45825,0.04651163,0.6627451,165,173,171
-0.07749247,0.8745098,-0.1975346,0.05949998,0.4375,0.9372549,246,237,232
0.05465523,0.8039216,0.0458937,0.6388333,0.12,0.9019608,227,228,233
0.01568058,0.8823529,-0.02717271,0.9167,0.06666667,0.9411765,241,239,240
0.108391,0.7019608,0.1292487,0.6110666,0.2368421,0.8509804,208,214,226
0.01011123,0.2196078,0.03279377,0.5476,0.03517587,0.6098039,152,156,158
-0.412275,-0.4784313,-0.3807668,0.13132,0.6390977,0.2607843,109,91,24
-0.6152623,-0.145098,-0.7632294,0.1079815,0.9908257,0.427451,217,141,0
-0.1754095,0.2705883,-0.2175945,0.1079815,0.2903226,0.6352941,189,170,135
-0.2028966,0.2862746,-0.1991262,0.1264926,0.2967033,0.6431373,191,178,137
-0.6315276,-0.1254902,-0.7651308,0.1098215,1,0.4372549,223,147,0
0.09848316,0.6627451,0.09854507,0.62495,0.1860465,0.8313726,204,208,220
-0.3770806,-0.02352941,-0.6492342,0.08374548,0.751004,0.4882353,218,125,30
-0.7184484,0.07058823,-0.667492,0.130849,0.9831223,0.5352941,253,203,20
-0.01026111,-0.2235294,0.04814582,0.46658,0.05050505,0.3882353,94,104,102
0.06911981,0.5764706,0.15142,0.5681545,0.2037037,0.7882353,190,203,212
0.04007139,0.2352941,-0.0746577,0.9216,0.08717949,0.6176471,166,148,157
0.006605337,0.4431373,-0.1260882,0.99167,0.1408451,0.7215686,194,174,175
-6.789535E-06,0.309804,0.01080455,0.4999,0.01136364,0.654902,166,168,168
-0.3968122,-0.7176471,-0.2410143,0.1631292,0.6666667,0.1411765,59,58,11
0.1081001,0.6862745,0.1682916,0.5908727,0.275,0.8431373,204,214,226
-0.02588917,0.1529412,0.0258729,0.37495,0.03703704,0.5764706,143,151,145
